<?xml version="1.0" encoding="UTF-8"?>
<GenRun Id="synth_1" LaunchPart="xc7a35tcpg236-1" LaunchTime="1724678193">
  <File Type="PA-TCL" Name="trivium.tcl"/>
  <File Type="RDS-PROPCONSTRS" Name="trivium_drc_synth.rpt"/>
  <File Type="REPORTS-TCL" Name="trivium_reports.tcl"/>
  <File Type="RDS-RDS" Name="trivium.vds"/>
  <File Type="RDS-UTIL" Name="trivium_utilization_synth.rpt"/>
  <File Type="RDS-UTIL-PB" Name="trivium_utilization_synth.pb"/>
  <File Type="RDS-DCP" Name="trivium.dcp"/>
  <File Type="VDS-TIMINGSUMMARY" Name="trivium_timing_summary_synth.rpt"/>
  <File Type="VDS-TIMING-PB" Name="trivium_timing_summary_synth.pb"/>
  <FileSet Name="sources" Type="DesignSrcs" RelSrcDir="$PSRCDIR/sources_1" RelGenDir="$PGENDIR/sources_1">
    <Filter Type="Srcs"/>
    <File Path="$PSRCDIR/sources_1/imports/Trivium-Cipher-master/Seven_Segment.vhd">
      <FileInfo>
        <Attr Name="ImportPath" Val="$PPRDIR/../Trivium-Cipher-master/Seven_Segment.vhd"/>
        <Attr Name="ImportTime" Val="1455737078"/>
        <Attr Name="UsedIn" Val="synthesis"/>
        <Attr Name="UsedIn" Val="simulation"/>
      </FileInfo>
    </File>
    <File Path="$PSRCDIR/sources_1/new/clkdiv.vhd">
      <FileInfo>
        <Attr Name="UsedIn" Val="synthesis"/>
        <Attr Name="UsedIn" Val="simulation"/>
      </FileInfo>
    </File>
    <File Path="$PSRCDIR/sources_1/imports/Trivium-Cipher-master/trivium.vhd">
      <FileInfo>
        <Attr Name="ImportPath" Val="$PPRDIR/../Trivium-Cipher-master/trivium.vhd"/>
        <Attr Name="ImportTime" Val="1455737078"/>
        <Attr Name="UsedIn" Val="synthesis"/>
        <Attr Name="UsedIn" Val="simulation"/>
      </FileInfo>
    </File>
    <Config>
      <Option Name="DesignMode" Val="RTL"/>
      <Option Name="TopModule" Val="trivium"/>
      <Option Name="TopAutoSet" Val="TRUE"/>
    </Config>
  </FileSet>
  <FileSet Name="constrs_in" Type="Constrs" RelSrcDir="$PSRCDIR/constrs_1">
    <Filter Type="Constrs"/>
    <File Path="$PSRCDIR/constrs_1/imports/DSD/Basys3_Master.xdc">
      <FileInfo>
        <Attr Name="ImportPath" Val="$PPRDIR/../Basys3_Master.xdc"/>
        <Attr Name="ImportTime" Val="1705852135"/>
        <Attr Name="UsedIn" Val="synthesis"/>
        <Attr Name="UsedIn" Val="implementation"/>
      </FileInfo>
    </File>
    <Config>
      <Option Name="ConstrsType" Val="XDC"/>
    </Config>
  </FileSet>
  <FileSet Name="utils" Type="Utils" RelSrcDir="$PSRCDIR/utils_1">
    <Filter Type="Utils"/>
    <Config>
      <Option Name="TopAutoSet" Val="TRUE"/>
    </Config>
  </FileSet>
  <Strategy Version="1" Minor="2">
    <StratHandle Name="Vivado Synthesis Defaults" Flow="Vivado Synthesis 2020">
      <Desc>Vivado Synthesis Defaults</Desc>
    </StratHandle>
    <Step Id="synth_design"/>
  </Strategy>
</GenRun>
