<?xml version="1.0" encoding="UTF-8"?>
<GenRun Id="impl_1" LaunchPart="xc7a35tcpg236-1" LaunchTime="1724678245">
  <File Type="BITSTR-BMM" Name="trivium_bd.bmm"/>
  <File Type="OPT-METHODOLOGY-DRC" Name="trivium_methodology_drc_opted.rpt"/>
  <File Type="INIT-TIMING" Name="trivium_timing_summary_init.rpt"/>
  <File Type="ROUTE-PWR" Name="trivium_power_routed.rpt"/>
  <File Type="PA-TCL" Name="trivium.tcl"/>
  <File Type="OPT-TIMING" Name="trivium_timing_summary_opted.rpt"/>
  <File Type="OPT-DCP" Name="trivium_opt.dcp"/>
  <File Type="ROUTE-PWR-SUM" Name="trivium_power_summary_routed.pb"/>
  <File Type="REPORTS-TCL" Name="trivium_reports.tcl"/>
  <File Type="OPT-DRC" Name="trivium_drc_opted.rpt"/>
  <File Type="OPT-HWDEF" Name="trivium.hwdef"/>
  <File Type="PWROPT-DCP" Name="trivium_pwropt.dcp"/>
  <File Type="PWROPT-DRC" Name="trivium_drc_pwropted.rpt"/>
  <File Type="PWROPT-TIMING" Name="trivium_timing_summary_pwropted.rpt"/>
  <File Type="PLACE-DCP" Name="trivium_placed.dcp"/>
  <File Type="PLACE-IO" Name="trivium_io_placed.rpt"/>
  <File Type="PLACE-CLK" Name="trivium_clock_utilization_placed.rpt"/>
  <File Type="PLACE-UTIL" Name="trivium_utilization_placed.rpt"/>
  <File Type="PLACE-UTIL-PB" Name="trivium_utilization_placed.pb"/>
  <File Type="PLACE-CTRL" Name="trivium_control_sets_placed.rpt"/>
  <File Type="PLACE-SIMILARITY" Name="trivium_incremental_reuse_placed.rpt"/>
  <File Type="PLACE-PRE-SIMILARITY" Name="trivium_incremental_reuse_pre_placed.rpt"/>
  <File Type="PLACE-TIMING" Name="trivium_timing_summary_placed.rpt"/>
  <File Type="POSTPLACE-PWROPT-DCP" Name="trivium_postplace_pwropt.dcp"/>
  <File Type="BG-BIN" Name="trivium.bin"/>
  <File Type="POSTPLACE-PWROPT-TIMING" Name="trivium_timing_summary_postplace_pwropted.rpt"/>
  <File Type="PHYSOPT-DCP" Name="trivium_physopt.dcp"/>
  <File Type="PHYSOPT-DRC" Name="trivium_drc_physopted.rpt"/>
  <File Type="BITSTR-MSK" Name="trivium.msk"/>
  <File Type="PHYSOPT-TIMING" Name="trivium_timing_summary_physopted.rpt"/>
  <File Type="ROUTE-ERROR-DCP" Name="trivium_routed_error.dcp"/>
  <File Type="ROUTE-DCP" Name="trivium_routed.dcp"/>
  <File Type="ROUTE-BLACKBOX-DCP" Name="trivium_routed_bb.dcp"/>
  <File Type="ROUTE-DRC" Name="trivium_drc_routed.rpt"/>
  <File Type="ROUTE-DRC-PB" Name="trivium_drc_routed.pb"/>
  <File Type="ROUTE-DRC-RPX" Name="trivium_drc_routed.rpx"/>
  <File Type="BITSTR-MMI" Name="trivium.mmi"/>
  <File Type="ROUTE-METHODOLOGY-DRC" Name="trivium_methodology_drc_routed.rpt"/>
  <File Type="ROUTE-METHODOLOGY-DRC-RPX" Name="trivium_methodology_drc_routed.rpx"/>
  <File Type="ROUTE-METHODOLOGY-DRC-PB" Name="trivium_methodology_drc_routed.pb"/>
  <File Type="ROUTE-PWR-RPX" Name="trivium_power_routed.rpx"/>
  <File Type="ROUTE-STATUS" Name="trivium_route_status.rpt"/>
  <File Type="ROUTE-STATUS-PB" Name="trivium_route_status.pb"/>
  <File Type="ROUTE-TIMINGSUMMARY" Name="trivium_timing_summary_routed.rpt"/>
  <File Type="ROUTE-TIMING-PB" Name="trivium_timing_summary_routed.pb"/>
  <File Type="ROUTE-TIMING-RPX" Name="trivium_timing_summary_routed.rpx"/>
  <File Type="ROUTE-SIMILARITY" Name="trivium_incremental_reuse_routed.rpt"/>
  <File Type="ROUTE-CLK" Name="trivium_clock_utilization_routed.rpt"/>
  <File Type="ROUTE-BUS-SKEW" Name="trivium_bus_skew_routed.rpt"/>
  <File Type="ROUTE-BUS-SKEW-PB" Name="trivium_bus_skew_routed.pb"/>
  <File Type="ROUTE-BUS-SKEW-RPX" Name="trivium_bus_skew_routed.rpx"/>
  <File Type="POSTROUTE-PHYSOPT-DCP" Name="trivium_postroute_physopt.dcp"/>
  <File Type="POSTROUTE-PHYSOPT-BLACKBOX-DCP" Name="trivium_postroute_physopt_bb.dcp"/>
  <File Type="POSTROUTE-PHYSOPT-TIMING" Name="trivium_timing_summary_postroute_physopted.rpt"/>
  <File Type="POSTROUTE-PHYSOPT-TIMING-PB" Name="trivium_timing_summary_postroute_physopted.pb"/>
  <File Type="POSTROUTE-PHYSOPT-TIMING-RPX" Name="trivium_timing_summary_postroute_physopted.rpx"/>
  <File Type="POSTROUTE-PHYSOPT-BUS-SKEW" Name="trivium_bus_skew_postroute_physopted.rpt"/>
  <File Type="POSTROUTE-PHYSOPT-BUS-SKEW-PB" Name="trivium_bus_skew_postroute_physopted.pb"/>
  <File Type="BG-BIT" Name="trivium.bit"/>
  <File Type="POSTROUTE-PHYSOPT-BUS-SKEW-RPX" Name="trivium_bus_skew_postroute_physopted.rpx"/>
  <File Type="BITSTR-RBT" Name="trivium.rbt"/>
  <File Type="BITSTR-NKY" Name="trivium.nky"/>
  <File Type="PDI-FILE" Name="trivium.pdi"/>
  <File Type="RCFI_FILE" Name="trivium.rcfi"/>
  <File Type="CFI_FILE" Name="trivium.cfi"/>
  <File Type="RNPI_FILE" Name="trivium.rnpi"/>
  <File Type="NPI_FILE" Name="trivium.npi"/>
  <File Type="RBD_FILE" Name="trivium.rbd"/>
  <File Type="BITSTR-LTX" Name="debug_nets.ltx"/>
  <File Type="BITSTR-LTX" Name="trivium.ltx"/>
  <File Type="BITSTR-SYSDEF" Name="trivium.sysdef"/>
  <File Type="BG-BGN" Name="trivium.bgn"/>
  <File Type="BG-DRC" Name="trivium.drc"/>
  <File Type="RDI-RDI" Name="trivium.vdi"/>
  <File Type="WBT-USG" Name="usage_statistics_webtalk.html"/>
  <FileSet Name="sources" Type="DesignSrcs" RelSrcDir="$PSRCDIR/sources_1" RelGenDir="$PGENDIR/sources_1">
    <Filter Type="Srcs"/>
    <File Path="$PSRCDIR/sources_1/imports/Trivium-Cipher-master/Seven_Segment.vhd">
      <FileInfo>
        <Attr Name="ImportPath" Val="$PPRDIR/../Trivium-Cipher-master/Seven_Segment.vhd"/>
        <Attr Name="ImportTime" Val="1455737078"/>
        <Attr Name="UsedIn" Val="synthesis"/>
        <Attr Name="UsedIn" Val="simulation"/>
      </FileInfo>
    </File>
    <File Path="$PSRCDIR/sources_1/new/clkdiv.vhd">
      <FileInfo>
        <Attr Name="UsedIn" Val="synthesis"/>
        <Attr Name="UsedIn" Val="simulation"/>
      </FileInfo>
    </File>
    <File Path="$PSRCDIR/sources_1/imports/Trivium-Cipher-master/trivium.vhd">
      <FileInfo>
        <Attr Name="ImportPath" Val="$PPRDIR/../Trivium-Cipher-master/trivium.vhd"/>
        <Attr Name="ImportTime" Val="1455737078"/>
        <Attr Name="UsedIn" Val="synthesis"/>
        <Attr Name="UsedIn" Val="simulation"/>
      </FileInfo>
    </File>
    <Config>
      <Option Name="DesignMode" Val="RTL"/>
      <Option Name="TopModule" Val="trivium"/>
      <Option Name="TopAutoSet" Val="TRUE"/>
    </Config>
  </FileSet>
  <FileSet Name="constrs_in" Type="Constrs" RelSrcDir="$PSRCDIR/constrs_1">
    <Filter Type="Constrs"/>
    <File Path="$PSRCDIR/constrs_1/imports/DSD/Basys3_Master.xdc">
      <FileInfo>
        <Attr Name="ImportPath" Val="$PPRDIR/../Basys3_Master.xdc"/>
        <Attr Name="ImportTime" Val="1705852135"/>
        <Attr Name="UsedIn" Val="synthesis"/>
        <Attr Name="UsedIn" Val="implementation"/>
      </FileInfo>
    </File>
    <Config>
      <Option Name="ConstrsType" Val="XDC"/>
    </Config>
  </FileSet>
  <FileSet Name="utils" Type="Utils" RelSrcDir="$PSRCDIR/utils_1">
    <Filter Type="Utils"/>
    <Config>
      <Option Name="TopAutoSet" Val="TRUE"/>
    </Config>
  </FileSet>
  <Strategy Version="1" Minor="2">
    <StratHandle Name="Vivado Implementation Defaults" Flow="Vivado Implementation 2020">
      <Desc>Default settings for Implementation.</Desc>
    </StratHandle>
    <Step Id="init_design"/>
    <Step Id="opt_design"/>
    <Step Id="power_opt_design"/>
    <Step Id="place_design"/>
    <Step Id="post_place_power_opt_design"/>
    <Step Id="phys_opt_design"/>
    <Step Id="route_design"/>
    <Step Id="post_route_phys_opt_design"/>
    <Step Id="write_bitstream"/>
  </Strategy>
</GenRun>
